{
  "timestamp": "2026-01-12T12:27:06.253674",
  "device": "cpu",
  "epochs": 1,
  "batches": 7,
  "train_losses": [
    6.875113487243652,
    5.915894508361816,
    4.748445987701416,
    3.914767026901245,
    3.803504467010498,
    3.0300426483154297,
    2.0586435794830322
  ],
  "avg_loss": 4.335201672145298,
  "encoder_params": 2799776,
  "decoder_params": 1167073
}